subjID,trial,choice,reward
1,1,1,1
1,2,1,1
1,3,0,0
1,4,1,1
1,5,1,1
1,6,1,1
1,7,1,1
1,8,1,1
1,9,1,1
1,10,1,1
1,11,1,1
1,12,1,1
1,13,1,1
1,14,1,1
1,15,1,1
1,16,1,1
1,17,1,1
1,18,1,1
1,19,1,1
1,20,1,1
1,21,1,1
1,22,1,1
1,23,1,1
1,24,1,0
1,25,1,1
1,26,1,0
1,27,1,1
1,28,1,1
1,29,1,0
1,30,1,1
1,31,1,1
1,32,1,1
1,33,1,1
1,34,1,1
1,35,1,1
1,36,1,1
1,37,1,1
1,38,1,1
1,39,1,1
1,40,1,1
1,41,1,1
1,42,1,1
1,43,1,1
1,44,1,1
1,45,1,1
1,46,1,1
1,47,1,1
1,48,1,1
1,49,1,0
1,50,1,1
1,51,1,1
1,52,1,1
1,53,1,0
1,54,1,1
1,55,1,0
1,56,1,1
1,57,1,0
1,58,1,1
1,59,1,1
1,60,1,1
1,61,1,1
1,62,1,1
1,63,0,0
1,64,1,1
1,65,1,1
1,66,1,1
1,67,1,1
1,68,1,0
1,69,0,0
1,70,1,1
1,71,1,1
1,72,1,1
1,73,1,1
1,74,1,1
1,75,1,1
1,76,1,1
1,77,1,1
1,78,1,1
1,79,1,1
1,80,1,1
1,81,1,1
1,82,1,0
1,83,1,1
1,84,1,1
1,85,1,1
1,86,1,1
1,87,1,1
1,88,1,1
1,89,1,0
1,90,1,1
1,91,1,0
1,92,1,0
1,93,1,1
1,94,0,1
1,95,1,1
1,96,1,1
1,97,1,1
1,98,1,1
1,99,1,1
1,100,1,1
1,101,1,1
1,102,1,1
1,103,1,1
1,104,1,0
1,105,1,0
1,106,0,0
1,107,0,0
1,108,1,1
1,109,1,0
1,110,1,1
1,111,1,0
1,112,0,1
1,113,0,0
1,114,1,1
1,115,1,1
1,116,1,1
1,117,1,1
1,118,1,1
1,119,1,0
1,120,1,1
1,121,1,1
1,122,1,1
1,123,1,1
1,124,1,1
1,125,1,0
1,126,1,1
1,127,1,1
1,128,1,1
1,129,1,1
1,130,1,1
1,131,1,1
1,132,1,1
1,133,1,0
1,134,1,1
1,135,0,0
1,136,1,1
1,137,1,0
1,138,1,0
1,139,1,0
1,140,1,1
1,141,1,0
1,142,1,1
1,143,0,0
1,144,1,1
1,145,1,0
1,146,1,1
1,147,1,1
1,148,1,1
1,149,0,0
1,150,1,1
1,151,1,1
1,152,1,1
1,153,1,1
1,154,1,0
1,155,1,1
1,156,1,1
1,157,1,1
1,158,1,0
1,159,1,1
1,160,0,0
1,161,1,1
1,162,1,1
1,163,1,1
1,164,1,1
1,165,1,1
1,166,1,1
1,167,1,0
1,168,1,1
1,169,1,1
1,170,1,1
1,171,1,1
1,172,1,1
1,173,1,0
1,174,1,1
1,175,1,1
1,176,1,0
1,177,1,0
1,178,0,0
1,179,1,1
1,180,1,1
1,181,1,1
1,182,1,1
1,183,1,1
1,184,1,1
1,185,1,1
1,186,1,0
1,187,1,1
1,188,1,1
1,189,1,0
1,190,1,1
1,191,1,0
1,192,0,1
1,193,1,1
1,194,1,0
1,195,0,0
1,196,1,1
1,197,1,1
1,198,1,1
1,199,1,1
1,200,1,1
1,201,1,1
1,202,1,1
1,203,1,0
1,204,1,0
1,205,0,1
1,206,1,1
1,207,0,0
1,208,1,0
2,1,1,1
2,2,1,1
2,3,0,0
2,4,1,1
2,5,1,1
2,6,1,1
2,7,1,1
2,8,1,0
2,9,1,1
2,10,0,0
2,11,1,1
2,12,1,1
2,13,1,1
2,14,1,1
2,15,1,1
2,16,1,1
2,17,1,1
2,18,1,1
2,19,1,1
2,20,1,1
2,21,1,1
2,22,1,1
2,23,1,0
2,24,0,1
2,25,1,1
2,26,1,1
2,27,1,1
2,28,1,1
2,29,1,0
2,30,1,1
2,31,1,1
2,32,0,0
2,33,1,1
2,34,1,1
2,35,1,1
2,36,0,0
2,37,1,1
2,38,1,1
2,39,1,1
2,40,1,1
2,41,1,1
2,42,1,0
2,43,1,1
2,44,1,1
2,45,1,1
2,46,1,1
2,47,1,1
2,48,1,1
2,49,1,1
2,50,1,1
2,51,1,1
2,52,1,1
2,53,0,0
2,54,1,1
2,55,0,0
2,56,1,0
2,57,1,1
2,58,1,1
2,59,1,1
2,60,1,1
2,61,0,0
2,62,1,0
2,63,1,1
2,64,1,1
2,65,1,1
2,66,1,1
2,67,1,0
2,68,1,1
2,69,1,0
2,70,1,1
2,71,1,1
2,72,1,1
2,73,1,1
2,74,1,1
2,75,1,1
2,76,1,1
2,77,1,0
2,78,1,1
2,79,1,1
2,80,1,1
2,81,1,1
2,82,1,0
2,83,1,0
2,84,1,1
2,85,1,1
2,86,1,0
2,87,1,1
2,88,1,1
2,89,1,1
2,90,1,1
2,91,1,1
2,92,1,1
2,93,1,1
2,94,1,1
2,95,1,0
2,96,1,0
2,97,1,1
2,98,0,0
2,99,1,1
2,100,1,1
2,101,1,1
2,102,1,1
2,103,1,0
2,104,1,1
2,105,1,1
2,106,0,0
2,107,1,1
2,108,1,1
2,109,1,1
2,110,1,1
2,111,1,0
2,112,1,1
2,113,1,1
2,114,1,1
2,115,1,1
2,116,1,1
2,117,1,1
2,118,1,1
2,119,1,1
2,120,1,0
2,121,1,1
2,122,1,1
2,123,1,1
2,124,1,1
2,125,1,0
2,126,1,1
2,127,1,1
2,128,1,0
2,129,1,0
2,130,1,1
2,131,0,0
2,132,1,1
2,133,1,1
2,134,1,1
2,135,1,0
2,136,1,1
2,137,1,1
2,138,1,1
2,139,1,1
2,140,1,1
2,141,1,1
2,142,1,1
2,143,1,0
2,144,0,0
2,145,1,1
2,146,1,0
2,147,1,1
2,148,1,0
2,149,1,1
2,150,1,1
2,151,1,1
2,152,1,1
2,153,1,1
2,154,1,0
2,155,0,0
2,156,1,0
2,157,1,1
2,158,1,1
2,159,1,1
2,160,1,1
2,161,1,1
2,162,1,1
2,163,1,0
2,164,1,1
2,165,1,0
2,166,1,1
2,167,1,1
2,168,1,0
2,169,1,1
2,170,1,1
2,171,1,1
2,172,1,0
2,173,1,1
2,174,1,1
2,175,1,1
2,176,1,1
2,177,1,0
2,178,1,1
2,179,1,0
2,180,1,1
2,181,1,1
2,182,1,1
2,183,1,1
2,184,1,1
2,185,1,1
2,186,1,1
2,187,1,1
2,188,1,1
2,189,1,1
2,190,1,1
2,191,1,1
2,192,1,1
2,193,1,1
2,194,1,1
2,195,1,1
2,196,1,1
2,197,1,1
2,198,1,1
2,199,1,0
2,200,1,1
2,201,1,1
2,202,0,0
2,203,1,1
2,204,1,0
2,205,1,1
2,206,1,0
2,207,1,1
2,208,1,1
2,209,1,1
2,210,1,1
2,211,1,1
3,1,0,0
3,2,0,0
3,3,0,0
3,4,1,0
3,5,1,1
3,6,0,0
3,7,1,1
3,8,1,1
3,9,1,1
3,10,1,0
3,11,1,1
3,12,1,1
3,13,1,1
3,14,1,1
3,15,1,1
3,16,1,1
3,17,0,0
3,18,1,1
3,19,0,1
3,20,1,1
3,21,0,0
3,22,1,1
3,23,0,0
3,24,1,1
3,25,0,0
3,26,0,0
3,27,1,1
3,28,1,1
3,29,1,1
3,30,1,0
3,31,1,1
3,32,1,1
3,33,1,1
3,34,1,0
3,35,1,0
3,36,1,1
3,37,0,1
3,38,1,1
3,39,0,0
3,40,1,1
3,41,1,1
3,42,1,1
3,43,1,1
3,44,1,1
3,45,1,1
3,46,1,1
3,47,1,1
3,48,1,1
3,49,1,1
3,50,1,1
3,51,1,1
3,52,1,0
3,53,1,1
3,54,1,1
3,55,1,0
3,56,0,0
3,57,1,1
3,58,1,1
3,59,1,1
3,60,1,1
3,61,1,0
3,62,1,1
3,63,1,1
3,64,1,1
3,65,1,0
3,66,0,0
3,67,0,0
3,68,1,1
3,69,0,1
3,70,1,1
3,71,0,1
3,72,1,1
3,73,1,1
3,74,1,1
3,75,1,1
3,76,1,1
3,77,1,0
3,78,1,1
3,79,1,1
3,80,1,0
3,81,1,1
3,82,0,0
3,83,1,1
3,84,1,0
3,85,0,1
3,86,0,1
3,87,0,1
3,88,0,0
3,89,0,0
3,90,1,1
3,91,0,0
3,92,1,1
3,93,0,0
3,94,1,1
3,95,1,1
3,96,1,0
3,97,1,0
3,98,0,1
3,99,0,0
3,100,1,1
3,101,1,1
3,102,0,0
3,103,1,1
3,104,1,1
3,105,1,1
3,106,1,1
3,107,1,0
3,108,0,0
3,109,1,1
3,110,0,0
3,111,1,1
3,112,1,1
3,113,1,1
3,114,1,1
3,115,1,1
3,116,1,1
3,117,1,1
3,118,1,1
3,119,1,1
3,120,1,1
3,121,1,1
3,122,1,1
3,123,1,1
3,124,1,1
3,125,1,1
3,126,1,1
3,127,1,1
3,128,1,0
3,129,1,1
3,130,1,1
3,131,0,0
3,132,1,1
3,133,1,0
3,134,0,0
3,135,0,0
3,136,1,1
3,137,0,0
3,138,1,0
3,139,1,1
3,140,1,0
3,141,1,0
3,142,0,1
3,143,1,1
3,144,1,1
3,145,0,0
3,146,1,0
3,147,1,0
3,148,1,1
3,149,1,1
3,150,0,0
3,151,1,1
3,152,1,0
3,153,0,0
3,154,0,0
3,155,1,1
3,156,1,1
3,157,1,1
3,158,1,1
3,159,1,1
3,160,1,1
3,161,1,1
3,162,1,1
3,163,1,1
3,164,0,0
3,165,1,1
3,166,1,1
3,167,1,1
3,168,1,1
3,169,1,1
3,170,0,1
3,171,0,0
3,172,1,0
3,173,1,1
3,174,1,1
3,175,1,1
3,176,0,0
3,177,1,1
3,178,1,0
3,179,0,0
3,180,0,0
3,181,0,0
3,182,1,1
3,183,1,1
3,184,1,1
3,185,1,0
3,186,0,0
3,187,1,1
3,188,1,1
3,189,1,1
3,190,1,1
3,191,1,1
3,192,1,1
3,193,0,0
3,194,1,1
3,195,1,0
3,196,1,0
3,197,1,1
3,198,1,1
3,199,1,1
3,200,1,1
3,201,1,0
3,202,1,0
3,203,1,1
3,204,0,0
3,205,0,0
3,206,0,0
3,207,0,0
3,208,1,1
3,209,0,0
3,210,1,1
3,211,1,1
3,212,0,0
3,213,1,1
3,214,1,1
3,215,1,0
3,216,1,1
3,217,1,1
3,218,1,1
3,219,0,0
3,220,1,0
3,221,1,1
3,222,1,1
3,223,1,1
3,224,1,1
3,225,1,1
3,226,0,0
4,1,0,0
4,2,1,0
4,3,0,0
4,4,1,1
4,5,1,1
4,6,1,1
4,7,1,1
4,8,1,1
4,9,1,1
4,10,1,1
4,11,1,1
4,12,1,1
4,13,1,1
4,14,1,1
4,15,1,1
4,16,1,1
4,17,1,1
4,18,0,0
4,19,1,1
4,20,1,0
4,21,1,1
4,22,1,0
4,23,1,0
4,24,1,1
4,25,1,1
4,26,1,1
4,27,1,1
4,28,1,1
4,29,1,1
4,30,1,1
4,31,1,1
4,32,1,1
4,33,1,1
4,34,1,1
4,35,1,1
4,36,1,1
4,37,1,1
4,38,1,0
4,39,1,1
4,40,1,1
4,41,1,0
4,42,1,1
4,43,1,1
4,44,1,1
4,45,1,1
4,46,1,1
4,47,1,1
4,48,1,1
4,49,1,1
4,50,1,1
4,51,1,1
4,52,1,1
4,53,1,0
4,54,1,1
4,55,1,1
4,56,1,1
4,57,1,0
4,58,1,1
4,59,1,1
4,60,1,1
4,61,1,1
4,62,1,1
4,63,1,1
4,64,1,0
4,65,1,1
4,66,0,0
4,67,1,1
4,68,1,1
4,69,1,0
4,70,1,1
4,71,1,1
4,72,1,1
4,73,1,1
4,74,1,0
4,75,1,0
4,76,1,1
4,77,1,0
4,78,0,1
4,79,0,0
4,80,0,0
4,81,0,0
4,82,1,1
4,83,1,1
4,84,1,1
4,85,1,0
4,86,1,1
4,87,1,1
4,88,1,1
4,89,1,1
4,90,1,0
4,91,0,0
4,92,1,1
4,93,1,1
4,94,1,1
4,95,1,1
4,96,1,1
4,97,1,1
4,98,1,1
4,99,1,1
4,100,1,1
4,101,1,1
4,102,1,0
4,103,1,1
4,104,1,1
4,105,1,1
4,106,1,0
4,107,1,1
4,108,1,1
4,109,1,1
4,110,1,0
4,111,1,1
4,112,1,1
4,113,1,1
4,114,1,1
4,115,1,0
4,116,1,1
4,117,1,0
4,118,1,0
4,119,0,0
4,120,0,0
4,121,0,0
4,122,1,1
4,123,1,1
4,124,1,1
4,125,1,1
4,126,1,1
4,127,1,0
4,128,1,1
4,129,1,1
4,130,1,1
4,131,1,1
4,132,1,1
4,133,1,1
4,134,1,0
4,135,1,1
4,136,1,1
4,137,1,0
4,138,1,1
4,139,1,1
4,140,1,1
4,141,1,1
4,142,1,0
4,143,1,1
4,144,1,1
4,145,0,1
4,146,1,1
4,147,1,1
4,148,1,1
4,149,1,1
4,150,1,0
4,151,0,0
4,152,1,1
4,153,1,1
4,154,1,1
4,155,1,1
4,156,1,1
4,157,1,1
4,158,1,0
4,159,1,1
4,160,1,1
4,161,0,1
4,162,1,0
4,163,1,1
4,164,1,0
4,165,0,1
4,166,0,1
4,167,0,0
4,168,0,0
4,169,1,1
4,170,1,1
4,171,1,1
4,172,1,1
4,173,1,1
4,174,1,1
4,175,1,1
4,176,1,1
4,177,1,1
4,178,1,1
4,179,1,1
4,180,1,1
4,181,1,1
4,182,1,1
4,183,1,1
4,184,1,1
4,185,1,1
4,186,1,1
4,187,1,1
4,188,1,1
4,189,1,1
4,190,1,0
4,191,1,1
4,192,1,1
4,193,1,1
4,194,1,1
4,195,1,1
4,196,1,1
4,197,1,1
4,198,1,1
4,199,1,1
4,200,1,1
4,201,1,0
4,202,1,1
4,203,1,0
4,204,1,1
4,205,1,1
4,206,1,1
4,207,1,1
4,208,1,0
4,209,1,1
4,210,1,1
4,211,1,1
4,212,1,1
4,213,1,1
4,214,1,0
4,215,1,1
4,216,1,1
4,217,1,0
4,218,1,1
4,219,1,1
4,220,1,1
5,1,1,0
5,2,0,0
5,3,1,1
5,4,0,0
5,5,0,0
5,6,1,1
5,7,1,1
5,8,1,1
5,9,1,1
5,10,1,0
5,11,1,1
5,12,1,1
5,13,1,1
5,14,1,1
5,15,1,1
5,16,1,0
5,17,1,1
5,18,1,0
5,19,0,0
5,20,1,1
5,21,1,1
5,22,1,1
5,23,0,0
5,24,1,1
5,25,1,0
5,26,1,1
5,27,1,1
5,28,1,1
5,29,1,1
5,30,1,1
5,31,1,1
5,32,1,1
5,33,1,1
5,34,1,1
5,35,1,1
5,36,1,1
5,37,1,1
5,38,1,1
5,39,1,1
5,40,1,1
5,41,1,1
5,42,1,1
5,43,1,1
5,44,1,1
5,45,1,1
5,46,1,1
5,47,1,0
5,48,1,0
5,49,1,1
5,50,1,1
5,51,1,1
5,52,0,0
5,53,1,1
5,54,1,1
5,55,1,1
5,56,1,1
5,57,1,0
5,58,1,1
5,59,1,1
5,60,1,1
5,61,1,1
5,62,1,1
5,63,1,0
5,64,1,1
5,65,1,1
5,66,1,1
5,67,1,1
5,68,1,1
5,69,1,1
5,70,1,1
5,71,1,1
5,72,1,1
5,73,1,1
5,74,1,1
5,75,1,1
5,76,1,1
5,77,1,1
5,78,1,1
5,79,1,1
5,80,0,0
5,81,1,1
5,82,1,1
5,83,1,1
5,84,1,0
5,85,1,1
5,86,1,1
5,87,1,1
5,88,1,1
5,89,1,1
5,90,1,1
5,91,1,1
5,92,1,1
5,93,1,1
5,94,1,1
5,95,1,1
5,96,1,1
5,97,1,1
5,98,1,1
5,99,1,1
5,100,1,1
5,101,1,0
5,102,1,1
5,103,1,1
5,104,1,1
5,105,1,1
5,106,1,1
5,107,1,1
5,108,1,0
5,109,0,1
5,110,1,1
5,111,1,1
5,112,1,1
5,113,1,1
5,114,1,1
5,115,0,0
5,116,1,1
5,117,1,1
5,118,1,0
5,119,1,0
5,120,1,1
5,121,1,1
5,122,1,0
5,123,1,1
5,124,1,1
5,125,1,1
5,126,1,0
5,127,1,0
5,128,1,1
5,129,1,1
5,130,1,0
5,131,1,0
5,132,1,1
5,133,1,1
5,134,0,1
5,135,0,0
5,136,1,1
5,137,1,0
5,138,1,1
5,139,1,0
5,140,1,1
5,141,1,1
5,142,0,0
5,143,1,1
5,144,1,1
5,145,1,1
5,146,1,1
5,147,1,1
5,148,1,1
5,149,1,1
5,150,1,1
5,151,1,1
5,152,1,1
5,153,1,0
5,154,1,1
5,155,1,0
5,156,0,0
5,157,1,0
5,158,1,1
5,159,1,0
5,160,0,1
5,161,1,0
5,162,0,0
5,163,0,0
5,164,0,0
5,165,1,1
5,166,0,0
5,167,1,1
5,168,0,1
5,169,1,1
5,170,0,0
5,171,1,1
5,172,0,0
5,173,1,1
5,174,1,0
5,175,1,1
5,176,0,0
5,177,1,0
5,178,1,1
5,179,1,0
5,180,1,1
5,181,1,1
5,182,0,0
5,183,1,1
5,184,1,1
5,185,1,1
5,186,0,0
5,187,1,1
5,188,1,1
5,189,1,1
5,190,1,0
5,191,1,1
5,192,1,1
5,193,1,1
5,194,1,1
5,195,1,1
5,196,1,1
5,197,1,1
5,198,1,0
5,199,1,1
5,200,1,1
5,201,1,1
5,202,1,1
5,203,1,1
5,204,1,1
5,205,1,1
5,206,1,1
5,207,1,1
5,208,1,0
5,209,1,1
5,210,1,1
5,211,1,1
5,212,1,1
5,213,1,1
5,214,1,1
5,215,1,1
5,216,1,0
5,217,1,1
5,218,1,0
5,219,1,1
5,220,1,1
5,221,1,0
5,222,1,1
5,223,1,1
6,1,1,1
6,2,0,0
6,3,0,0
6,4,0,0
6,5,1,0
6,6,1,1
6,7,1,0
6,8,1,1
6,9,1,1
6,10,1,1
6,11,1,1
6,12,1,0
6,13,1,1
6,14,0,1
6,15,1,0
6,16,1,1
6,17,0,1
6,18,0,0
6,19,1,1
6,20,1,1
6,21,1,0
6,22,1,1
6,23,1,1
6,24,1,0
6,25,0,0
6,26,1,1
6,27,1,1
6,28,1,1
6,29,1,0
6,30,1,0
6,31,1,1
6,32,0,0
6,33,1,1
6,34,1,1
6,35,0,0
6,36,1,1
6,37,1,1
6,38,1,0
6,39,1,0
6,40,1,1
6,41,1,0
6,42,1,1
6,43,0,1
6,44,0,0
6,45,1,1
6,46,1,0
6,47,1,1
6,48,0,1
6,49,1,0
6,50,1,0
6,51,0,0
6,52,1,1
6,53,1,1
6,54,1,1
6,55,1,1
6,56,1,1
6,57,1,1
6,58,0,0
6,59,1,1
6,60,0,1
6,61,0,0
6,62,1,0
6,63,0,0
6,64,1,1
6,65,0,1
6,66,0,0
6,67,1,0
6,68,0,0
6,69,1,1
6,70,0,0
6,71,0,0
6,72,0,0
6,73,1,1
6,74,1,1
6,75,0,1
6,76,1,1
6,77,0,0
6,78,1,1
6,79,0,0
6,80,1,1
6,81,1,0
6,82,1,1
6,83,1,1
6,84,1,1
6,85,1,0
6,86,1,1
6,87,0,0
6,88,1,0
6,89,1,0
6,90,0,0
6,91,0,0
6,92,0,0
6,93,1,1
6,94,1,1
6,95,1,1
6,96,1,1
6,97,1,1
6,98,1,1
6,99,1,1
6,100,1,1
6,101,1,1
6,102,1,1
6,103,1,1
6,104,1,1
6,105,1,0
6,106,1,0
6,107,1,1
6,108,1,0
6,109,1,1
6,110,1,1
6,111,1,1
6,112,1,0
6,113,1,0
6,114,0,0
6,115,0,0
6,116,0,0
6,117,1,1
6,118,1,1
6,119,0,0
6,120,1,1
6,121,1,1
6,122,1,0
6,123,1,0
6,124,0,0
6,125,1,0
6,126,0,0
6,127,1,1
6,128,0,0
6,129,1,1
6,130,1,1
6,131,1,1
6,132,1,1
6,133,1,1
6,134,1,1
6,135,1,1
6,136,1,1
6,137,0,0
6,138,1,1
6,139,1,0
6,140,1,1
6,141,1,1
6,142,1,1
6,143,1,1
6,144,1,1
6,145,0,0
6,146,1,1
6,147,1,1
6,148,1,0
6,149,1,1
6,150,0,0
6,151,1,1
6,152,0,0
6,153,1,1
6,154,1,1
6,155,1,1
6,156,1,0
6,157,1,1
6,158,1,1
6,159,1,1
6,160,1,0
6,161,0,1
6,162,1,1
6,163,0,1
6,164,1,1
6,165,0,0
6,166,0,0
6,167,1,1
6,168,1,1
6,169,1,1
6,170,1,1
6,171,1,1
6,172,1,1
6,173,0,0
6,174,1,1
6,175,1,1
6,176,1,1
6,177,1,1
6,178,1,1
6,179,1,0
6,180,0,0
6,181,1,0
6,182,0,1
6,183,1,1
6,184,1,0
6,185,1,1
6,186,1,1
6,187,0,1
6,188,0,1
6,189,0,0
6,190,1,1
6,191,0,0
6,192,1,1
6,193,1,0
6,194,0,0
6,195,1,0
6,196,1,0
6,197,1,1
6,198,1,1
6,199,1,1
6,200,1,1
6,201,1,1
6,202,0,1
6,203,1,1
6,204,0,0
6,205,0,0
6,206,1,1
6,207,1,1
6,208,1,1
6,209,1,1
6,210,1,1
6,211,1,1
6,212,1,1
6,213,1,1
7,1,0,1
7,2,1,1
7,3,1,0
7,4,1,1
7,5,1,1
7,6,0,1
7,7,1,1
7,8,0,0
7,9,0,0
7,10,0,0
7,11,0,0
7,12,1,1
7,13,0,0
7,14,1,1
7,15,0,0
7,16,0,0
7,17,0,0
7,18,1,1
7,19,1,0
7,20,1,1
7,21,1,0
7,22,1,1
7,23,0,1
7,24,1,1
7,25,0,0
7,26,1,1
7,27,0,0
7,28,1,1
7,29,1,1
7,30,1,1
7,31,1,0
7,32,1,1
7,33,1,0
7,34,1,1
7,35,0,0
7,36,0,0
7,37,0,0
7,38,1,1
7,39,1,1
7,40,0,0
7,41,1,1
7,42,0,0
7,43,1,1
7,44,1,1
7,45,1,1
7,46,1,0
7,47,0,0
7,48,1,1
7,49,0,0
7,50,1,1
7,51,1,1
7,52,0,0
7,53,0,1
7,54,0,0
7,55,1,1
7,56,1,0
7,57,1,0
7,58,1,1
7,59,0,0
7,60,1,1
7,61,1,1
7,62,0,0
7,63,0,0
7,64,1,1
7,65,1,1
7,66,1,0
7,67,1,1
7,68,1,0
7,69,0,0
7,70,1,1
7,71,1,1
7,72,0,0
7,73,1,1
7,74,1,1
7,75,1,1
7,76,1,1
7,77,1,1
7,78,0,0
7,79,1,1
7,80,1,0
7,81,1,1
7,82,1,1
7,83,1,1
7,84,1,1
7,85,1,1
7,86,1,1
7,87,1,1
7,88,1,1
7,89,0,0
7,90,1,1
7,91,1,1
7,92,1,1
7,93,1,1
7,94,0,0
7,95,1,1
7,96,1,1
7,97,1,1
7,98,1,1
7,99,1,1
7,100,1,1
7,101,1,0
7,102,1,1
7,103,1,1
7,104,0,1
7,105,1,1
7,106,0,0
7,107,1,1
7,108,0,0
7,109,1,1
7,110,1,0
7,111,0,0
7,112,1,0
7,113,1,1
7,114,1,1
7,115,1,1
7,116,1,1
7,117,0,0
7,118,1,1
7,119,1,1
7,120,1,1
7,121,1,1
7,122,1,0
7,123,1,1
7,124,1,1
7,125,1,1
7,126,1,1
7,127,1,1
7,128,1,1
7,129,1,1
7,130,1,0
7,131,0,1
7,132,1,1
7,133,0,0
7,134,1,1
7,135,0,1
7,136,0,0
7,137,0,0
7,138,1,1
7,139,0,0
7,140,1,1
7,141,1,1
7,142,1,1
7,143,1,0
7,144,1,0
7,145,0,1
7,146,1,1
7,147,1,1
7,148,1,1
7,149,1,1
7,150,0,0
7,151,1,1
7,152,1,1
7,153,1,1
7,154,0,1
7,155,1,1
7,156,0,0
7,157,0,0
7,158,0,0
7,159,1,0
7,160,0,1
7,161,0,0
7,162,1,0
7,163,1,1
7,164,1,1
7,165,0,0
7,166,1,1
7,167,0,1
7,168,1,1
7,169,1,1
7,170,1,1
7,171,1,0
7,172,1,1
7,173,0,1
7,174,1,1
7,175,1,1
7,176,1,1
7,177,1,1
7,178,0,1
7,179,0,0
7,180,1,1
7,181,1,0
7,182,1,0
7,183,0,0
7,184,0,0
7,185,1,0
7,186,0,0
7,187,1,0
7,188,1,1
7,189,1,1
7,190,1,1
7,191,0,1
7,192,1,1
7,193,0,0
7,194,1,0
7,195,1,0
7,196,0,0
7,197,0,0
7,198,1,1
7,199,0,0
7,200,1,1
7,201,1,1
7,202,1,1
7,203,1,1
7,204,1,1
7,205,1,1
7,206,1,0
7,207,1,1
7,208,1,1
7,209,1,1
7,210,1,1
7,211,1,1
7,212,0,1
7,213,0,0
7,214,1,1
7,215,1,1
7,216,1,1
7,217,1,1
8,1,1,1
8,2,1,1
8,3,1,1
8,4,1,0
8,5,0,0
8,6,0,0
8,7,1,1
8,8,1,1
8,9,1,1
8,10,1,1
8,11,1,1
8,12,1,1
8,13,1,0
8,14,1,1
8,15,1,1
8,16,1,1
8,17,1,1
8,18,1,0
8,19,0,0
8,20,1,0
8,21,1,1
8,22,1,1
8,23,1,1
8,24,1,1
8,25,1,1
8,26,1,1
8,27,1,1
8,28,1,1
8,29,1,1
8,30,1,1
8,31,1,1
8,32,1,0
8,33,1,1
8,34,1,0
8,35,1,1
8,36,1,0
8,37,0,0
8,38,1,1
8,39,1,1
8,40,1,1
8,41,1,1
8,42,1,0
8,43,1,1
8,44,1,1
8,45,1,1
8,46,1,1
8,47,1,0
8,48,1,1
8,49,1,1
8,50,1,1
8,51,1,1
8,52,1,1
8,53,1,1
8,54,1,1
8,55,1,0
8,56,1,1
8,57,1,1
8,58,1,1
8,59,1,0
8,60,1,1
8,61,1,1
8,62,1,1
8,63,1,1
8,64,1,0
8,65,1,1
8,66,1,1
8,67,0,0
8,68,1,1
8,69,1,1
8,70,1,1
8,71,1,1
8,72,1,1
8,73,1,1
8,74,1,0
8,75,0,0
8,76,0,0
8,77,0,0
8,78,1,1
8,79,1,1
8,80,1,1
8,81,1,1
8,82,1,1
8,83,1,1
8,84,1,1
8,85,1,1
8,86,1,1
8,87,1,1
8,88,1,0
8,89,1,1
8,90,1,0
8,91,1,1
8,92,1,1
8,93,1,0
8,94,1,1
8,95,1,1
8,96,1,1
8,97,1,0
8,98,1,1
8,99,1,1
8,100,1,1
8,101,1,0
8,102,1,1
8,103,1,1
8,104,1,0
8,105,1,1
8,106,1,1
8,107,1,1
8,108,1,1
8,109,1,1
8,110,1,1
8,111,1,1
8,112,1,1
8,113,1,0
8,114,1,1
8,115,0,0
8,116,1,1
8,117,1,0
8,118,1,1
8,119,1,1
8,120,1,1
8,121,1,1
8,122,1,0
8,123,1,0
8,124,1,1
8,125,1,0
8,126,0,1
8,127,0,0
8,128,1,1
8,129,1,1
8,130,1,1
8,131,0,0
8,132,1,1
8,133,1,1
8,134,1,1
8,135,0,1
8,136,1,0
8,137,0,0
8,138,0,0
8,139,0,0
8,140,1,1
8,141,1,1
8,142,1,1
8,143,1,1
8,144,1,1
8,145,1,1
8,146,1,1
8,147,1,1
8,148,1,1
8,149,1,1
8,150,1,1
8,151,1,0
8,152,1,1
8,153,1,0
8,154,1,1
8,155,1,0
8,156,1,1
8,157,1,1
8,158,1,1
8,159,1,1
8,160,1,1
8,161,1,0
8,162,0,0
8,163,1,0
8,164,1,1
8,165,1,1
8,166,1,1
8,167,1,1
8,168,1,1
8,169,1,1
8,170,1,1
8,171,1,1
8,172,1,1
8,173,1,1
8,174,1,1
8,175,1,1
8,176,1,1
8,177,1,0
8,178,0,0
8,179,1,0
8,180,0,1
8,181,0,0
8,182,0,0
8,183,0,0
8,184,1,1
8,185,1,1
8,186,1,0
8,187,1,1
8,188,1,1
8,189,1,1
8,190,1,1
8,191,1,1
8,192,1,0
8,193,0,0
8,194,1,1
8,195,1,0
8,196,0,0
8,197,1,1
8,198,1,1
8,199,1,0
8,200,1,1
8,201,1,1
8,202,1,1
8,203,1,1
8,204,1,1
8,205,1,1
8,206,1,1
8,207,1,1
8,208,0,0
8,209,1,1
8,210,1,1
8,211,1,1
8,212,1,1
8,213,1,1
8,214,1,1
8,215,1,1
8,216,1,1
8,217,1,1
8,218,1,1
9,1,0,0
9,2,0,0
9,3,1,1
9,4,1,1
9,5,1,0
9,6,1,0
9,7,1,1
9,8,1,0
9,9,1,1
9,10,1,1
9,11,1,0
9,12,0,0
9,13,1,0
9,14,1,1
9,15,0,0
9,16,1,1
9,17,1,1
9,18,1,1
9,19,1,1
9,20,1,1
9,21,1,1
9,22,1,0
9,23,1,1
9,24,1,1
9,25,1,1
9,26,1,1
9,27,0,0
9,28,1,0
9,29,1,1
9,30,1,1
9,31,1,1
9,32,1,1
9,33,1,1
9,34,1,1
9,35,1,1
9,36,1,1
9,37,1,1
9,38,0,0
9,39,1,1
9,40,1,1
9,41,1,1
9,42,1,1
9,43,1,1
9,44,1,1
9,45,1,1
9,46,1,1
9,47,1,1
9,48,1,1
9,49,1,0
9,50,1,1
9,51,1,0
9,52,1,1
9,53,1,0
9,54,1,0
9,55,1,1
9,56,1,1
9,57,1,1
9,58,1,1
9,59,1,0
9,60,1,1
9,61,1,0
9,62,1,1
9,63,1,1
9,64,1,1
9,65,1,0
9,66,1,1
9,67,1,1
9,68,0,1
9,69,1,1
9,70,1,0
9,71,1,1
9,72,1,1
9,73,0,0
9,74,1,0
9,75,1,0
9,76,1,1
9,77,1,1
9,78,1,1
9,79,0,0
9,80,1,1
9,81,1,1
9,82,1,0
9,83,1,1
9,84,1,1
9,85,1,1
9,86,1,1
9,87,1,1
9,88,1,1
9,89,1,1
9,90,1,1
9,91,1,0
9,92,1,1
9,93,1,1
9,94,1,1
9,95,1,1
9,96,1,1
9,97,1,1
9,98,1,1
9,99,1,0
9,100,1,1
9,101,1,1
9,102,1,1
9,103,0,0
9,104,1,1
9,105,1,0
9,106,0,0
9,107,1,1
9,108,1,0
9,109,1,1
9,110,1,1
9,111,1,1
9,112,1,0
9,113,1,1
9,114,1,1
9,115,1,0
9,116,1,0
9,117,1,1
9,118,0,1
9,119,1,1
9,120,0,0
9,121,1,1
9,122,1,0
9,123,0,0
9,124,1,1
9,125,1,0
9,126,1,0
9,127,1,1
9,128,1,1
9,129,1,1
9,130,1,1
9,131,1,1
9,132,1,1
9,133,1,1
9,134,1,1
9,135,1,1
9,136,1,1
9,137,1,1
9,138,1,1
9,139,1,1
9,140,1,1
9,141,1,1
9,142,0,1
9,143,1,1
9,144,1,1
9,145,1,0
9,146,1,0
9,147,1,1
9,148,1,1
9,149,1,1
9,150,0,1
9,151,1,1
9,152,1,1
9,153,1,1
9,154,1,1
9,155,1,1
9,156,1,1
9,157,1,1
9,158,1,1
9,159,1,1
9,160,1,1
9,161,1,1
9,162,0,0
9,163,1,1
9,164,1,0
9,165,1,1
9,166,1,1
9,167,1,1
9,168,1,0
9,169,1,1
9,170,1,0
9,171,1,1
9,172,1,1
9,173,1,1
9,174,1,1
9,175,1,1
9,176,1,0
9,177,0,0
9,178,1,0
9,179,1,1
9,180,1,1
9,181,1,1
9,182,1,1
9,183,1,1
9,184,1,1
9,185,1,1
9,186,1,1
9,187,1,1
9,188,1,0
9,189,1,1
9,190,0,0
9,191,0,0
9,192,1,0
9,193,1,0
9,194,0,1
9,195,1,1
9,196,1,1
9,197,1,1
9,198,1,1
9,199,1,0
9,200,0,1
9,201,1,1
9,202,1,1
9,203,1,1
9,204,1,1
9,205,1,1
9,206,1,1
9,207,1,1
9,208,1,1
9,209,1,1
9,210,1,1
9,211,1,1
9,212,1,1
9,213,1,1
9,214,1,1
9,215,0,0
9,216,1,1
9,217,1,1
9,218,1,1
9,219,1,1
9,220,1,0
9,221,1,1
9,222,1,1
9,223,1,1
9,224,1,1
9,225,1,0
9,226,0,0
9,227,1,1
9,228,0,1
9,229,0,0
10,1,0,0
10,2,0,0
10,3,1,1
10,4,1,1
10,5,0,0
10,6,0,0
10,7,1,1
10,8,1,1
10,9,1,0
10,10,1,1
10,11,0,0
10,12,1,1
10,13,1,1
10,14,1,1
10,15,1,1
10,16,1,1
10,17,1,1
10,18,1,0
10,19,1,1
10,20,1,1
10,21,1,1
10,22,1,0
10,23,1,1
10,24,1,1
10,25,1,1
10,26,1,1
10,27,1,1
10,28,1,0
10,29,1,1
10,30,1,1
10,31,1,1
10,32,1,1
10,33,1,1
10,34,1,1
10,35,1,1
10,36,1,1
10,37,1,1
10,38,1,1
10,39,1,1
10,40,1,0
10,41,1,0
10,42,1,1
10,43,1,1
10,44,1,1
10,45,1,1
10,46,1,0
10,47,1,0
10,48,0,0
10,49,1,0
10,50,1,1
10,51,1,1
10,52,1,1
10,53,1,1
10,54,1,1
10,55,1,1
10,56,1,0
10,57,1,1
10,58,1,0
10,59,1,1
10,60,1,1
10,61,1,0
10,62,0,0
10,63,1,1
10,64,1,1
10,65,1,1
10,66,1,1
10,67,1,1
10,68,1,0
10,69,1,1
10,70,1,1
10,71,1,1
10,72,1,0
10,73,0,0
10,74,1,1
10,75,1,0
10,76,1,1
10,77,1,1
10,78,1,1
10,79,1,1
10,80,1,1
10,81,1,1
10,82,1,1
10,83,1,1
10,84,1,1
10,85,1,1
10,86,1,1
10,87,1,1
10,88,1,1
10,89,1,1
10,90,1,1
10,91,1,0
10,92,1,1
10,93,1,0
10,94,0,0
10,95,1,1
10,96,1,0
10,97,1,1
10,98,1,1
10,99,1,1
10,100,1,1
10,101,1,1
10,102,1,1
10,103,1,1
10,104,1,1
10,105,1,1
10,106,1,0
10,107,1,1
10,108,1,0
10,109,1,1
10,110,1,1
10,111,1,1
10,112,1,1
10,113,1,1
10,114,1,0
10,115,0,0
10,116,0,0
10,117,1,1
10,118,1,1
10,119,1,1
10,120,1,1
10,121,1,1
10,122,1,1
10,123,0,0
10,124,1,1
10,125,1,0
10,126,1,1
10,127,1,1
10,128,0,0
10,129,1,1
10,130,1,1
10,131,1,1
10,132,1,1
10,133,1,1
10,134,1,1
10,135,1,1
10,136,1,1
10,137,1,1
10,138,1,1
10,139,1,1
10,140,1,1
10,141,1,0
10,142,0,0
10,143,1,1
10,144,1,1
10,145,1,1
10,146,1,1
10,147,1,1
10,148,1,1
10,149,1,1
10,150,1,1
10,151,1,1
10,152,1,1
10,153,1,1
10,154,1,1
10,155,1,1
10,156,1,1
10,157,1,1
10,158,1,1
10,159,1,1
10,160,1,1
10,161,1,1
10,162,1,1
10,163,1,1
10,164,1,1
10,165,1,1
10,166,1,1
10,167,1,0
10,168,0,0
10,169,1,1
10,170,1,0
10,171,1,1
10,172,1,1
10,173,1,1
10,174,1,1
10,175,1,0
10,176,1,1
10,177,1,1
10,178,1,1
10,179,1,1
10,180,1,1
10,181,1,1
10,182,1,1
10,183,1,0
10,184,1,1
10,185,1,0
10,186,1,0
10,187,0,0
10,188,1,1
10,189,1,0
10,190,1,1
10,191,1,1
10,192,1,0
10,193,1,0
10,194,1,1
10,195,1,1
10,196,0,0
10,197,1,1
10,198,1,1
10,199,1,1
10,200,1,1
10,201,1,1
10,202,1,1
10,203,1,1
10,204,1,1
10,205,1,0
10,206,1,0
10,207,1,1
10,208,1,1
10,209,1,1
10,210,1,1
